iteration	load_degree	nchem_max
20	0	1
40	0	1
60	0	1
80	0.00132939	5
100	0.00125433	4
120	0.00170435	4
140	0.0007032	4
160	0.000753352	5
180	0.00102901	5
200	0.0007032	5
220	0.000301614	5
240	0.000301614	3
260	0.000903751	6
280	0.00160441	15
300	0.0010791	11
320	0.0010791	9
340	0.00147944	15
360	0.00155443	13
380	0.00125433	13
400	0.0010791	9
420	0.0016294	14
440	0.000753352	9
460	0.000928808	7
480	0.000627951	5
500	0.00117925	7
520	0.000953863	9
540	0.00125433	8
560	0.000928808	5
580	0.00137941	7
600	0.00270149	9
620	0.002975	11
640	0.002975	7
660	0.00376897	10
680	0.0065035	15
700	0.0125294	70
720	0.015334	32
740	0.0242414	37
760	0.0215393	29
780	0.0318813	112
800	0.0328712	67
820	0.0309979	91
840	0.03102	70
860	0.0362924	84
880	0.0394932	127
900	0.040706	152
920	0.0399621	93
940	0.0340536	88
960	0.0389592	158
980	0.0433434	116
1000	0.0442228	94
1020	0.0425449	164
1040	0.0437417	68
1060	0.0540377	155
1080	0.0400616	39
1100	0.0293802	21
1120	0.0308759	100
1140	0.0306602	179
1160	0.0258288	147
1180	0.0238128	169
1200	0.0137946	109
1220	0.00561162	176
1240	0.013212	180
1260	0.0216015	154
1280	0.0186607	214
1300	0.0180822	121
1320	0.0252151	229
1340	0.0276875	151
1360	0.0208401	138
1380	0.0232542	73
1400	0.0295688	162
1420	0.0223331	175
1440	0.0332061	163
1460	0.0331168	143
1480	0.040404	188
1500	0.0428134	230
1520	0.0484192	225
1540	0.0471893	243
1560	0.0442512	209
1580	0.0651252	209
1600	0.0406618	210
1620	0.0409429	175
1640	0.0644765	270
1660	0.0629323	254
1680	0.0749352	286
1700	0.0442933	145
1720	0.0633706	239
1740	0.0725331	221
1760	0.0653986	257
1780	0.0710564	264
1800	0.0825775	278
1820	0.082367	256
1840	0.0704378	171
1860	0.0723412	179
1880	0.0719545	198
1900	0.0655945	275
1920	0.076964	199
1940	0.0579053	85
1960	0.0655376	148
1980	0.0524918	127
2000	0.0526932	93
2020	0.0501018	36
2040	0.0537374	124
2060	0.0553344	105
2080	0.0618609	138
2100	0.0586708	183
2120	0.0484054	68
2140	0.0534768	178
2160	0.0519674	190
2180	0.0539777	163
2200	0.0610289	168
2220	0.0499389	144
2240	0.0521087	156
2260	0.0541777	126
2280	0.0533363	135
2300	0.0539376	177
2320	0.0581804	187
2340	0.0741732	203
2360	0.0509757	170
2380	0.0546171	154
2400	0.0580822	198
2420	0.0459922	156
2440	0.0389165	102
2460	0.0562277	154
2480	0.0704192	202
2500	0.0430285	211
2520	0.0412571	121
2540	0.0500204	137
2560	0.0407697	150
2580	0.0527938	176
2600	0.0545373	177
2620	0.0417435	134
2640	0.0420391	155
2660	0.0501629	152
2680	0.0504274	165
2700	0.0459715	166
2720	0.0472536	155
2740	0.0480153	156
2760	0.0365734	107
2780	0.0449739	137
2800	0.036962	125
2820	0.0389378	109
