job,gpus,mode,repeat,loop_s,plan_s,pack_s,forward_s,remote_s,backward_s,unpack_s,forward_bytes,backward_bytes,forward_messages,backward_messages,replans,skipped,active_steps,planned_tasks,gate_rejected,budget_stops
4023062.pbs-7_1gpu_suite_full,1,sorted,1,953.627,,,,,,,,,,,,,,,,
4023062.pbs-7_1gpu_suite_full,1,sorted,2,953.747,,,,,,,,,,,,,,,,
4023062.pbs-7_1gpu_suite_full,1,sorted,3,953.618,,,,,,,,,,,,,,,,
4023062.pbs-7_1gpu_suite_full,1,dynamic,1,809.734,,,,,,,,,,,,,,,,
4023062.pbs-7_1gpu_suite_full,1,dynamic,2,809.155,,,,,,,,,,,,,,,,
4023062.pbs-7_1gpu_suite_full,1,dynamic,3,810.203,,,,,,,,,,,,,,,,
4023063.pbs-7_2gpu_suite_full,2,all,1,689.448,8.396050,83.146593,83.181165,97.556001,97.580032,0.007800,308134848,278788672,2114,2114,142,36,2114,91870,134672512,0
4023063.pbs-7_2gpu_suite_full,2,all,2,689.421,8.413914,83.153617,83.182362,97.552838,97.571597,0.006568,308134848,278788672,2114,2114,142,36,2114,91870,134672512,0
4023063.pbs-7_2gpu_suite_full,2,all,3,689.297,8.417054,83.151290,83.178052,97.591667,97.611207,0.006145,308134848,278788672,2114,2114,142,36,2114,91870,134672512,0
4023063.pbs-7_2gpu_suite_full,2,dynamic_all,1,536.316,8.406965,83.150452,83.177978,99.966730,99.983036,0.006443,308134848,278788672,2114,2114,142,36,2114,91870,134672512,0
4023063.pbs-7_2gpu_suite_full,2,dynamic_all,2,536.343,8.413114,83.150158,83.175431,100.011889,100.027226,0.006195,308134848,278788672,2114,2114,142,36,2114,91870,134672512,0
4023063.pbs-7_2gpu_suite_full,2,dynamic_all,3,536.624,8.408961,83.150959,83.180549,99.993848,100.009114,0.006354,308134848,278788672,2114,2114,142,36,2114,91870,134672512,0
4023064.pbs-7_4gpu_suite_full,4,all,1,498.224,4.544286,44.336230,59.150821,110.611655,88.856183,0.005596,578766720,523646080,6602,6602,142,33,2174,172444,139469536,0
4023064.pbs-7_4gpu_suite_full,4,all,2,498.538,4.544583,44.333565,59.146282,110.611910,88.865806,0.005502,578766720,523646080,6602,6602,142,33,2174,172444,139469536,0
4023064.pbs-7_4gpu_suite_full,4,all,3,498.285,4.538201,44.336966,59.150081,110.483176,88.738817,0.005648,578766720,523646080,6602,6602,142,33,2174,172444,139469536,0
4023064.pbs-7_4gpu_suite_full,4,dynamic_all,1,381.171,4.547612,44.331066,59.150456,110.556561,91.042606,0.006098,578766720,523646080,6602,6602,142,33,2174,172444,139469536,0
4023064.pbs-7_4gpu_suite_full,4,dynamic_all,2,382.648,4.552142,44.329650,59.143957,110.486039,90.969297,0.005616,578766720,523646080,6602,6602,142,33,2174,172444,139469536,0
4023064.pbs-7_4gpu_suite_full,4,dynamic_all,3,380.935,4.548751,44.338440,59.152376,110.494533,90.952732,0.005522,578766720,523646080,6602,6602,142,33,2174,172444,139469536,0
4023065.pbs-7_8gpu_suite_full,8,all,1,425.019,2.555536,18.900720,35.671916,99.341236,74.839130,0.005102,565418784,511569376,19144,19144,142,30,2234,168385,149492064,0
4023065.pbs-7_8gpu_suite_full,8,all,2,424.91,2.554119,18.901690,35.687830,99.156080,74.469266,0.005277,565418784,511569376,19144,19144,142,30,2234,168385,149492064,0
4023065.pbs-7_8gpu_suite_full,8,all,3,424.657,2.556970,18.900595,35.641318,99.308151,74.677355,0.004739,565418784,511569376,19144,19144,142,30,2234,168385,149492064,0
4023065.pbs-7_8gpu_suite_full,8,dynamic_all,1,304.947,2.554663,18.899848,33.843723,99.422225,75.186639,0.004704,565418784,511569376,19144,19144,142,30,2234,168385,149492064,0
4023065.pbs-7_8gpu_suite_full,8,dynamic_all,2,305.295,2.548365,18.900269,33.758393,99.207151,74.792245,0.004695,565418784,511569376,19144,19144,142,30,2234,168385,149492064,0
4023065.pbs-7_8gpu_suite_full,8,dynamic_all,3,304.278,2.559506,18.898272,33.554506,99.306526,75.145714,0.004795,565418784,511569376,19144,19144,142,30,2234,168385,149492064,0
