job,gpus,mode,repeat,rank,scheduler,dynamic_launches,bucket_evaluations,bucket_bypasses,worker_blocks,chunk
4023064.pbs-7_4gpu_suite_full,4,all,1,2,sorted,0,142,142,0,32
4023064.pbs-7_4gpu_suite_full,4,all,1,3,sorted,0,142,142,0,32
4023064.pbs-7_4gpu_suite_full,4,all,1,0,sorted,0,142,56,0,32
4023064.pbs-7_4gpu_suite_full,4,all,1,1,sorted,0,142,54,0,32
4023064.pbs-7_4gpu_suite_full,4,all,2,2,sorted,0,142,142,0,32
4023064.pbs-7_4gpu_suite_full,4,all,2,3,sorted,0,142,142,0,32
4023064.pbs-7_4gpu_suite_full,4,all,2,1,sorted,0,142,54,0,32
4023064.pbs-7_4gpu_suite_full,4,all,2,0,sorted,0,142,56,0,32
4023064.pbs-7_4gpu_suite_full,4,all,3,2,sorted,0,142,142,0,32
4023064.pbs-7_4gpu_suite_full,4,all,3,3,sorted,0,142,142,0,32
4023064.pbs-7_4gpu_suite_full,4,all,3,1,sorted,0,142,54,0,32
4023064.pbs-7_4gpu_suite_full,4,all,3,0,sorted,0,142,56,0,32
4023064.pbs-7_4gpu_suite_full,4,dynamic_all,1,2,dynamic,0,142,142,0,32
4023064.pbs-7_4gpu_suite_full,4,dynamic_all,1,3,dynamic,0,142,142,0,32
4023064.pbs-7_4gpu_suite_full,4,dynamic_all,1,0,dynamic,1720,142,56,426,32
4023064.pbs-7_4gpu_suite_full,4,dynamic_all,1,1,dynamic,1754,142,54,426,32
4023064.pbs-7_4gpu_suite_full,4,dynamic_all,2,2,dynamic,0,142,142,0,32
4023064.pbs-7_4gpu_suite_full,4,dynamic_all,2,3,dynamic,0,142,142,0,32
4023064.pbs-7_4gpu_suite_full,4,dynamic_all,2,1,dynamic,1754,142,54,426,32
4023064.pbs-7_4gpu_suite_full,4,dynamic_all,2,0,dynamic,1720,142,56,426,32
4023064.pbs-7_4gpu_suite_full,4,dynamic_all,3,2,dynamic,0,142,142,0,32
4023064.pbs-7_4gpu_suite_full,4,dynamic_all,3,3,dynamic,0,142,142,0,32
4023064.pbs-7_4gpu_suite_full,4,dynamic_all,3,1,dynamic,1754,142,54,426,32
4023064.pbs-7_4gpu_suite_full,4,dynamic_all,3,0,dynamic,1720,142,56,426,32
